blocksize,op,rw,gap,queue_depth,a,b,c
4194304,read,1.0,27853,128,27795.00413113388,-303.05556742006524,19.43054001113285
